City_ID,City,Country,Lat,Lng,Max Temp,Humidity,Cloudiness,Wind Speed,Current Description
0,Aripuana,BR,-9.1667,-60.6333,75.29,45,47,1.77,scattered clouds
1,Ushuaia,AR,-54.8,-68.3,37.06,70,100,14.97,overcast clouds
2,Mount Isa,AU,-20.7333,139.5,64.17,39,23,11.5,few clouds
3,Karaton,ID,-6.3424,106.1045,74.39,93,97,1.72,overcast clouds
4,Airai,TL,-8.9266,125.4092,63.32,58,36,3.15,scattered clouds
5,Barrow,US,71.2906,-156.7887,37.42,87,100,6.91,overcast clouds
6,Punta Arenas,CL,-53.15,-70.9167,39.11,80,58,30.87,broken clouds
7,Hobart,AU,-42.8794,147.3294,47.26,73,20,8.05,few clouds
8,Bluff,NZ,-46.6,168.3333,43.81,78,97,7.72,overcast clouds
9,Abu Zabad,SD,12.35,29.25,78.06,71,99,8.63,overcast clouds
10,Qaanaaq,GL,77.484,-69.3632,39.87,59,0,2.51,clear sky
11,Korcula,HR,42.9622,17.1369,79.77,73,1,4.81,clear sky
12,Ekhabi,RU,53.5102,142.9671,63.84,97,100,2.75,light rain
13,Pevek,RU,69.7008,170.3133,45.23,70,6,13.22,clear sky
14,Alofi,NU,-19.0595,-169.9187,77.04,83,25,20.24,light rain
15,Broome,US,42.2506,-75.833,75.99,62,20,6.91,few clouds
16,Bandundu,CD,-3.3167,17.3667,79.92,53,67,5.97,broken clouds
17,Mahebourg,MU,-20.4081,57.7,68.25,72,77,19.44,broken clouds
18,Ekibastuz,KZ,51.6667,75.3667,67.39,77,100,7.0,overcast clouds
19,Deputatskiy,RU,69.3,139.9,56.03,75,100,2.48,overcast clouds
20,Port Lincoln,AU,-34.7333,135.8667,56.41,44,100,17.76,moderate rain
21,Souillac,MU,-20.5167,57.5167,69.58,75,69,17.94,light rain
22,Tual,ID,-5.6667,132.75,79.14,88,85,18.99,overcast clouds
23,Clyde River,CA,70.4692,-68.5914,41.23,93,100,14.97,overcast clouds
24,Fort Nelson,CA,58.8053,-122.7002,57.54,91,100,5.48,overcast clouds
25,Port Alfred,ZA,-33.5906,26.891,58.77,81,20,14.29,few clouds
26,Albany,US,42.6001,-73.9662,79.34,54,22,4.29,few clouds
27,Hofn,IS,64.2539,-15.2082,47.25,72,100,22.53,light rain
28,Mataura,NZ,-46.1927,168.8643,43.48,89,83,2.19,broken clouds
29,Kapaa,US,22.0752,-159.319,84.52,61,0,11.5,clear sky
30,Gat,IL,31.61,34.7642,81.39,81,0,3.18,clear sky
31,Bonavista,CA,48.6499,-53.1147,57.31,90,97,14.03,overcast clouds
32,Yakima,US,46.4665,-120.6678,107.55,17,0,10.36,clear sky
33,Rikitea,PF,-23.1203,-134.9692,73.02,74,8,16.28,clear sky
34,Paripiranga,BR,-10.6875,-37.8617,65.35,97,68,6.67,broken clouds
35,New Norfolk,AU,-42.7826,147.0587,46.92,78,43,3.0,scattered clouds
36,Saint-Philippe,RE,-21.3585,55.7679,65.79,82,36,14.03,light rain
37,Auki,SB,-8.7676,160.7034,85.69,59,56,3.33,broken clouds
38,Gushikawa,JP,26.3544,127.8686,83.79,89,75,6.91,broken clouds
39,Chuy,UY,-33.6971,-53.4616,45.45,87,0,5.12,clear sky
40,Busselton,AU,-33.65,115.3333,51.87,61,98,20.6,overcast clouds
41,Guerrero Negro,MX,27.9769,-114.0611,72.63,69,94,13.89,overcast clouds
42,Vaini,TO,-21.2,-175.2,80.76,89,40,10.36,scattered clouds
43,Pisco,PE,-13.7,-76.2167,62.65,77,100,9.22,haze
44,Ust-Nera,RU,64.5667,143.2,68.04,44,99,2.06,overcast clouds
45,Gaoual,GN,11.75,-13.2,71.96,97,100,3.29,overcast clouds
46,Lompoc,US,34.6391,-120.4579,88.02,72,12,5.01,few clouds
47,Ribeira Grande,PT,38.5167,-28.7,73.76,71,13,0.94,few clouds
48,Popondetta,PG,-8.7537,148.2534,87.87,51,90,2.28,overcast clouds
49,Port Hedland,AU,-20.3167,118.5667,57.25,94,3,4.61,clear sky
50,Sisophon,KH,13.5859,102.9737,77.97,87,91,5.57,overcast clouds
51,Hithadhoo,MV,-0.6,73.0833,77.32,90,100,21.52,moderate rain
52,Ilulissat,GL,69.2167,-51.1,51.82,58,75,3.44,broken clouds
53,Hambantota,LK,6.1241,81.1185,78.44,85,99,11.59,overcast clouds
54,Burns Lake,CA,54.2331,-125.7533,86.7,21,35,6.55,scattered clouds
55,Ponta Do Sol,PT,32.6667,-17.1,74.03,81,5,4.54,clear sky
56,Kalmar,SE,56.6616,16.3616,52.97,100,20,0.0,few clouds
57,Khatanga,RU,71.9667,102.5,66.83,61,57,13.31,light rain
58,Krasnoselkup,RU,65.7,82.4667,62.73,66,93,11.61,overcast clouds
59,Longyearbyen,SJ,78.2186,15.6401,48.04,87,75,4.61,broken clouds
60,Sola,VU,-13.8833,167.55,78.71,81,96,13.94,overcast clouds
61,Tuktoyaktuk,CA,69.4541,-133.0374,38.57,78,99,13.56,overcast clouds
62,Puerto Gaitan,CO,4.3133,-72.0816,76.5,85,60,2.93,broken clouds
63,Umm Lajj,SA,25.0213,37.2685,85.91,62,60,9.57,broken clouds
64,Lebanon,US,36.2081,-86.2911,84.25,73,20,5.75,few clouds
65,Shebunino,RU,46.4339,141.8603,70.63,83,91,14.29,overcast clouds
66,Pacific Grove,US,36.6177,-121.9166,78.24,80,40,13.8,scattered clouds
67,Avarua,CK,-21.2078,-159.775,77.05,78,40,11.5,scattered clouds
68,Mar Del Plata,AR,-38.0023,-57.5575,52.88,68,0,4.0,clear sky
69,Korla,CN,41.7597,86.1469,80.62,28,99,8.88,overcast clouds
70,Chokurdakh,RU,70.6333,147.9167,54.14,71,100,9.26,overcast clouds
71,Pangai,TO,-19.8,-174.35,76.57,87,25,18.03,scattered clouds
72,Biala Podlaska,PL,52.0324,23.1165,58.77,77,93,7.78,overcast clouds
73,Cururupu,BR,-1.8283,-44.8683,75.31,90,33,3.51,scattered clouds
74,Lumeje,AO,-11.55,20.7833,58.3,30,32,5.41,scattered clouds
75,Marienburg,PL,54.0359,19.0266,58.87,82,90,5.32,overcast clouds
76,Arraial Do Cabo,BR,-22.9661,-42.0278,68.77,85,99,20.31,light rain
77,East London,ZA,-33.0153,27.9116,60.93,73,11,9.89,few clouds
78,Bredasdorp,ZA,-34.5322,20.0403,48.79,72,96,7.2,overcast clouds
79,Yellowknife,CA,62.456,-114.3525,67.05,34,99,5.86,overcast clouds
80,Georgetown,MY,5.4112,100.3354,78.89,96,40,1.14,scattered clouds
81,Vao,NC,-22.6667,167.4833,70.3,85,100,10.45,overcast clouds
82,Kaiserslautern,DE,49.45,7.75,65.44,87,0,0.0,clear sky
83,Jamestown,US,42.097,-79.2353,71.24,52,0,5.75,clear sky
84,Ampanihy,MG,-24.7,44.75,62.8,80,4,6.17,clear sky
85,Dire Dawa,ET,9.5931,41.8661,70.88,68,56,15.3,light rain
86,Upernavik,GL,72.7868,-56.1549,43.34,88,100,4.16,light rain
87,Stornoway,GB,58.2093,-6.3865,59.04,95,100,19.57,moderate rain
88,Atuona,PF,-9.8,-139.0333,76.82,74,27,19.75,scattered clouds
89,Bambous Virieux,MU,-20.3428,57.7575,68.22,71,81,19.37,broken clouds
90,Thompson,CA,55.7435,-97.8558,66.27,65,100,8.66,overcast clouds
91,Kilindoni,TZ,-7.9139,39.6668,74.77,80,41,10.25,scattered clouds
92,Amga,RU,60.8953,131.9608,77.02,57,100,1.88,overcast clouds
93,San Andres,CO,12.5847,-81.7006,84.22,74,20,12.66,few clouds
94,Leshukonskoye,RU,64.8989,45.7622,59.0,88,8,5.1,clear sky
95,Bandarbeyla,SO,9.4942,50.8122,75.9,84,44,27.11,scattered clouds
96,Bengkulu,ID,-3.8004,102.2655,76.21,73,100,1.54,overcast clouds
97,Bermejo,AR,-32.8833,-68.8,57.15,34,100,2.66,overcast clouds
98,Puerto Ayora,EC,-0.7393,-90.3518,70.56,93,80,5.99,broken clouds
99,Ketchikan,US,55.3422,-131.6461,66.67,82,100,6.91,overcast clouds
100,Ruski Krstur,RS,45.5628,19.4158,68.02,61,3,5.17,clear sky
101,Mufumbwe,ZM,-13.6833,24.8,50.56,52,12,4.52,few clouds
102,Kaitangata,NZ,-46.2817,169.8464,43.41,67,79,4.16,broken clouds
103,Catalina,US,32.5056,-110.9211,85.5,67,47,3.0,scattered clouds
104,Port Elizabeth,ZA,-33.918,25.5701,55.31,85,68,7.0,broken clouds
105,Pangnirtung,CA,66.1451,-65.7125,54.82,73,100,5.12,overcast clouds
106,Samarai,PG,-10.6167,150.6667,80.17,80,90,8.3,overcast clouds
107,Cabo San Lucas,MX,22.8909,-109.9124,94.3,48,20,11.5,few clouds
108,Maragogi,BR,-9.0122,-35.2225,74.05,88,98,4.88,overcast clouds
109,Half Moon Bay,US,37.4636,-122.4286,79.05,78,100,21.85,mist
110,Panama City,PA,8.9936,-79.5197,82.38,75,40,4.61,scattered clouds
111,Salinopolis,BR,-0.6136,-47.3561,78.37,86,35,10.87,scattered clouds
112,Araouane,ML,18.9048,-3.5265,89.17,42,90,7.87,overcast clouds
113,Aktau,KZ,43.65,51.2,72.18,68,0,8.57,clear sky
114,Carnarvon,AU,-24.8667,113.6333,63.34,71,100,18.9,overcast clouds
115,Santa Barbara,US,34.7333,-120.0343,83.34,39,0,11.5,clear sky
116,Jaguariaiva,BR,-24.2511,-49.7058,48.79,61,0,6.29,clear sky
117,Faya,SA,18.3851,42.4509,63.12,55,95,3.85,overcast clouds
118,Marang,MY,5.2056,103.2059,78.69,88,48,4.7,scattered clouds
119,Codrington,AU,-38.2667,141.9667,47.8,65,2,17.98,clear sky
120,San Carlos De Bariloche,AR,-41.1456,-71.3082,35.24,61,56,4.7,broken clouds
121,Saint-Pierre,RE,-21.3393,55.4781,68.92,74,0,3.44,clear sky
122,Chornobay,UA,49.6708,32.3239,63.63,66,46,4.97,scattered clouds
123,Katsuura,JP,35.1333,140.3,83.84,78,5,12.1,clear sky
124,Ostrovnoy,RU,68.0531,39.5131,46.85,94,100,23.17,overcast clouds
125,Bethel,US,41.3712,-73.414,81.19,70,75,5.75,broken clouds
126,Goundam,ML,16.4145,-3.6708,82.63,60,92,8.1,light rain
127,Tazovskiy,RU,67.4667,78.7,56.46,79,47,8.21,scattered clouds
128,Namibe,AO,-15.1961,12.1522,60.26,89,27,2.21,scattered clouds
129,Olafsvik,IS,64.8945,-23.7142,49.32,69,16,12.08,few clouds
130,Ewa Beach,US,21.3156,-158.0072,86.02,58,0,15.01,clear sky
131,Provideniya,RU,64.3833,-173.3,54.34,62,100,4.0,overcast clouds
132,Hilo,US,19.7297,-155.09,85.28,81,100,3.44,overcast clouds
133,Novyy Svit,UA,47.8059,38.0211,69.91,57,40,10.98,scattered clouds
134,Pochutla,MX,15.7432,-96.4661,82.81,89,94,1.41,overcast clouds
135,Kavieng,PG,-2.5744,150.7967,83.71,66,42,11.43,scattered clouds
136,Asau,RO,46.4333,26.4,63.52,89,91,1.92,overcast clouds
137,Wysokie Mazowieckie,PL,52.9166,22.5171,55.33,77,99,7.61,overcast clouds
138,Sioux Lookout,CA,50.1001,-91.917,72.54,54,42,4.18,scattered clouds
139,Xanxere,BR,-26.8769,-52.4042,43.38,91,19,1.52,few clouds
140,Butaritari,KI,3.0707,172.7902,82.24,73,4,14.25,clear sky
141,Songea,TZ,-10.6833,35.65,54.61,82,68,0.45,broken clouds
142,Castro,BR,-24.7911,-50.0119,46.09,60,0,4.09,clear sky
143,Sri Aman,MY,1.2376,111.4621,74.48,99,99,2.39,overcast clouds
144,Eureka,US,40.8021,-124.1637,69.21,81,69,5.99,broken clouds
145,Miandrivazo,MG,-19.5167,45.4667,73.51,65,88,1.99,overcast clouds
146,Lagos De Moreno,MX,21.35,-101.9167,76.96,54,91,10.18,overcast clouds
147,Kholm,RU,59.2667,32.85,54.63,96,81,8.37,broken clouds
148,Balikpapan,ID,-1.2675,116.8289,77.99,100,20,4.61,few clouds
149,Benghazi,LY,32.1167,20.0667,80.17,78,0,12.33,clear sky
150,Mattawa,US,46.7379,-119.9028,106.09,9,0,7.56,clear sky
151,Dikson,RU,73.5069,80.5464,40.62,96,100,17.85,overcast clouds
152,Cape Canaveral,US,28.4058,-80.6048,86.2,72,0,9.22,clear sky
153,Mareeba,AU,-17.0,145.4333,73.49,72,39,6.31,scattered clouds
154,Westport,US,41.1415,-73.3579,82.02,67,20,6.91,light rain
155,Richards Bay,ZA,-28.783,32.0377,66.13,65,6,10.74,clear sky
156,Letterkenny,IE,54.95,-7.7333,62.01,96,100,9.44,moderate rain
157,Mecca,SA,21.4267,39.8261,89.65,22,68,3.89,broken clouds
158,Bambanglipuro,ID,-7.95,110.2833,75.36,87,97,6.29,overcast clouds
159,Tiksi,RU,71.6872,128.8694,47.48,83,100,6.6,overcast clouds
160,Pangody,RU,65.85,74.4859,64.02,60,53,5.08,broken clouds
161,Sale,MA,34.0389,-6.8166,72.75,100,40,0.0,scattered clouds
162,Serenje,ZM,-13.2325,30.2352,50.4,72,33,5.79,scattered clouds
163,Saint Anthony,US,45.0205,-93.218,80.76,46,20,10.36,few clouds
164,Fortuna,US,40.5982,-124.1573,68.94,78,75,11.5,broken clouds
165,Sao Joao Da Barra,BR,-21.6403,-41.0511,70.88,80,41,22.12,scattered clouds
166,Norman Wells,CA,65.282,-126.8329,55.44,88,75,10.36,light intensity shower rain
167,Ossora,RU,59.2353,163.0719,56.98,67,100,10.76,overcast clouds
168,Inongo,CD,-1.95,18.2667,69.69,77,65,5.57,broken clouds
169,Qasigiannguit,GL,68.8193,-51.1922,52.05,74,100,2.48,overcast clouds
170,San Jeronimo,PE,-11.9472,-75.2829,50.74,68,11,6.17,few clouds
171,Midland,US,31.9974,-102.0779,97.47,24,0,19.57,clear sky
172,Portland,US,45.5234,-122.6762,102.7,39,0,9.22,clear sky
173,Marawi,PH,7.9986,124.2928,75.47,79,98,3.51,overcast clouds
174,Hermanus,ZA,-34.4187,19.2345,45.81,70,98,10.49,overcast clouds
175,Mogadishu,SO,2.0371,45.3438,75.61,83,71,16.51,light rain
176,Severo-Kurilsk,RU,50.6789,156.125,55.47,81,97,13.18,overcast clouds
177,Saskylakh,RU,71.9167,114.0833,67.01,62,83,4.76,broken clouds
178,Awbari,LY,26.5921,12.7805,85.93,16,1,6.76,clear sky
179,Ullapool,GB,57.8987,-5.1604,63.36,89,100,7.9,light rain
180,Santarem,BR,-2.4431,-54.7083,78.93,94,0,2.3,clear sky
181,Manokwari,ID,-0.8667,134.0833,82.11,71,98,5.79,overcast clouds
182,Porto Velho,BR,-8.7619,-63.9039,78.17,46,17,1.19,few clouds
183,Kilembe,UG,0.2,30.0,61.48,92,98,1.9,light rain
184,Kahului,US,20.8947,-156.47,91.42,46,20,17.27,few clouds
185,Yuanping,CN,38.7153,112.7575,70.16,82,17,3.15,few clouds
186,Daye,CN,30.0833,114.95,81.66,81,1,2.21,clear sky
187,Rorvik,NO,64.8621,11.2373,57.7,74,91,3.65,overcast clouds
188,Solnechnyy,RU,50.7214,136.6319,75.43,84,93,8.84,light rain
189,Huilong,CN,31.8111,121.655,85.93,80,62,10.45,broken clouds
190,Verkhnevilyuysk,RU,63.4453,120.3167,74.66,64,61,4.21,broken clouds
191,Xiuyan,CN,40.2928,123.2744,72.54,97,100,2.64,overcast clouds
192,Tanuku,IN,16.75,81.7,79.27,86,51,2.95,broken clouds
193,Caravelas,BR,-17.7125,-39.2481,73.35,80,58,11.95,broken clouds
194,Guasdualito,VE,7.2424,-70.7324,74.71,92,41,1.74,scattered clouds
195,Coos Bay,US,43.3665,-124.2179,80.31,88,100,19.57,mist
196,Talcahuano,CL,-36.7167,-73.1167,51.48,82,0,8.05,clear sky
197,Kloulklubed,PW,7.0419,134.2556,77.5,79,100,13.89,light rain
198,Cidreira,BR,-30.1811,-50.2056,52.3,78,65,11.88,broken clouds
199,Aswan,EG,24.0934,32.907,88.29,19,18,8.81,few clouds
200,Ambulu,ID,-8.345,113.6058,75.76,79,97,3.89,overcast clouds
201,Hamilton,US,39.1834,-84.5333,80.04,52,40,11.5,scattered clouds
202,Victoria,HK,22.2855,114.1577,89.26,82,67,8.99,broken clouds
203,Hibbing,US,47.4272,-92.9377,73.38,56,19,6.46,few clouds
204,Saldanha,ZA,-33.0117,17.9442,53.2,66,72,3.8,broken clouds
205,Lebu,CL,-37.6167,-73.65,48.24,84,30,19.39,scattered clouds
206,Sinnamary,GF,5.3833,-52.95,78.69,82,69,7.99,broken clouds
207,Touros,BR,-5.1989,-35.4608,76.1,86,47,9.51,scattered clouds
208,Katobu,ID,-4.9408,122.5276,79.18,76,89,6.02,overcast clouds
209,Changde,CN,29.0464,111.6783,79.38,84,6,4.99,clear sky
210,Pangkalanbuun,ID,-2.6833,111.6167,74.32,98,97,0.43,light rain
211,Talnakh,RU,69.4865,88.3972,63.21,70,6,5.1,clear sky
212,Quesnel,CA,52.9999,-122.5029,94.57,21,44,1.36,scattered clouds
213,Libreville,GA,0.3925,9.4537,74.53,86,66,5.82,broken clouds
214,Bahia Blanca,AR,-38.7196,-62.2724,51.49,58,0,6.46,clear sky
215,Saint George,US,37.1041,-113.5841,99.19,25,40,26.46,scattered clouds
216,Husavik,IS,66.0449,-17.3389,42.76,91,100,10.96,overcast clouds
217,Sao Benedito Do Rio Preto,BR,-3.3336,-43.5283,76.44,83,69,4.72,broken clouds
218,Igarka,RU,67.4667,86.5833,65.08,78,100,9.37,overcast clouds
219,Te Anau,NZ,-45.4167,167.7167,41.5,84,97,2.86,moderate rain
220,Fairbanks,US,64.8378,-147.7164,73.6,36,0,6.91,clear sky
221,Brae,GB,60.3964,-1.353,56.82,87,39,23.85,scattered clouds
222,Cape Town,ZA,-33.9258,18.4232,52.12,88,100,1.99,light rain
223,Port Blair,IN,11.6667,92.75,81.5,81,58,4.81,broken clouds
224,Kruisfontein,ZA,-34.0033,24.7314,54.09,77,97,12.37,light rain
225,Guadalajara,MX,20.6667,-103.3333,71.37,100,100,4.61,overcast clouds
226,Marsh Harbour,BS,26.5412,-77.0636,83.37,69,40,15.08,scattered clouds
227,Garowe,SO,8.4054,48.4845,73.74,73,88,25.43,overcast clouds
228,San Cristobal,VE,7.7669,-72.225,66.94,95,36,3.51,scattered clouds
229,Dudinka,RU,69.4058,86.1778,63.63,69,15,7.14,few clouds
230,Viljoenskroon,ZA,-27.2084,26.9485,52.45,49,23,8.19,few clouds
231,Xining,CN,36.6167,101.7667,61.7,58,0,2.53,clear sky
232,Belmonte,BR,-15.8631,-38.8828,72.41,79,13,11.01,few clouds
233,Azua,DO,18.4532,-70.7349,79.68,79,15,5.64,few clouds
234,Dongsheng,CN,39.8161,109.9776,70.57,55,72,23.76,broken clouds
235,Torbay,CA,47.6666,-52.7314,61.29,88,90,3.0,overcast clouds
236,Kodiak,US,57.79,-152.4072,54.91,94,100,8.05,mist
237,Auchel,FR,50.5034,2.4735,60.22,91,21,3.53,few clouds
238,The Valley,AI,18.217,-63.0578,82.09,82,18,21.56,few clouds
239,Labuhan,ID,-6.8844,112.2051,76.69,83,81,7.81,broken clouds
240,Christchurch,NZ,-43.5333,172.6333,47.91,83,100,8.05,overcast clouds
241,Tasiilaq,GL,65.6145,-37.6368,41.16,77,55,3.98,broken clouds
242,Peyima,SL,8.7,-11.0333,69.85,87,100,3.49,overcast clouds
243,Zhucheng,CN,35.9947,119.3975,78.84,86,96,5.28,overcast clouds
244,Chakia,IN,26.4167,85.05,81.12,82,87,4.23,overcast clouds
245,Oskarshamn,SE,57.2645,16.4484,54.61,79,2,5.88,clear sky
246,Vardo,NO,70.3705,31.1107,46.38,87,100,2.3,overcast clouds
247,San Patricio,US,28.017,-97.5169,92.12,55,13,17.78,few clouds
248,Podosinovets,RU,60.2776,47.0659,59.9,92,77,3.65,broken clouds
249,Tommot,RU,58.9564,126.2925,74.16,52,0,6.08,clear sky
250,Merauke,ID,-8.4667,140.3333,77.61,86,100,13.67,overcast clouds
251,Latehar,IN,23.75,84.5,77.88,81,79,2.68,broken clouds
252,Ginda,IN,30.6945,78.4932,64.35,92,99,2.3,overcast clouds
253,Tapejara,BR,-28.0681,-52.0139,47.86,77,96,3.98,overcast clouds
254,Esperance,AU,-33.8667,121.9,51.35,70,26,23.89,scattered clouds
255,Kamena Vourla,GR,38.7784,22.7857,83.07,53,0,3.96,clear sky
256,Pingliang,CN,35.5392,106.6861,69.48,80,9,4.43,clear sky
257,San Pedro,PH,14.35,121.0167,82.31,81,99,2.82,overcast clouds
258,Beloha,MG,-25.1667,45.05,63.25,89,0,9.69,clear sky
259,Iracoubo,GF,5.4802,-53.2011,79.14,81,59,8.43,broken clouds
260,Pine Bluff,US,34.2284,-92.0032,76.95,90,20,5.01,few clouds
261,Nemuro,JP,43.3236,145.575,67.66,91,99,9.22,overcast clouds
262,Geraldton,AU,-28.7667,114.6,55.81,71,40,8.05,scattered clouds
263,Peace River,CA,56.2501,-117.286,76.46,62,93,5.46,overcast clouds
264,Gavle,SE,60.6745,17.1417,57.38,78,98,1.01,moderate rain
265,Choma,ZM,-16.8065,26.9531,50.61,46,15,3.67,few clouds
266,Tongzhou,CN,39.9053,116.5994,77.11,88,36,4.47,scattered clouds
267,Cruzeiro Do Sul,BR,-29.5128,-51.9853,52.52,90,15,4.25,few clouds
268,Puri,IN,19.8,85.85,81.12,78,35,11.07,scattered clouds
269,Santa Luzia,BR,-19.7697,-43.8514,63.7,46,2,2.39,clear sky
270,Taitung,TW,22.7583,121.1444,86.27,70,20,3.44,few clouds
271,Oktyabrskoye,RU,43.0645,44.7417,60.94,93,2,6.71,clear sky
272,Lavrentiya,RU,65.5833,-171.0,46.71,78,88,8.99,overcast clouds
273,Vanimo,PG,-2.6741,141.3028,81.05,77,98,7.31,overcast clouds
274,Buala,SB,-8.145,159.5921,84.92,61,84,6.67,broken clouds
275,Tautira,PF,-17.7333,-149.15,77.77,75,15,22.86,light rain
276,Salalah,OM,17.0151,54.0924,75.29,94,75,5.75,broken clouds
277,Hasaki,JP,35.7333,140.8333,84.6,79,10,8.03,clear sky
278,Tevaitoa,PF,-16.7833,-151.5,78.91,68,5,23.24,clear sky
279,Sitka,US,57.0531,-135.33,58.89,94,100,3.44,light intensity drizzle
280,Houlton,US,46.1262,-67.8403,72.72,55,31,9.35,scattered clouds
281,Dauriya,RU,49.9333,116.8667,69.13,76,75,10.22,broken clouds
282,Port Hardy,CA,50.6996,-127.4199,69.67,62,41,11.23,scattered clouds
283,Oranjestad,AW,12.524,-70.027,80.91,84,100,21.07,overcast clouds
284,Sur,OM,22.5667,59.5289,82.17,73,99,10.6,overcast clouds
285,Batagay,RU,67.6333,134.6333,70.95,71,69,5.53,broken clouds
286,Avera,US,33.194,-82.5271,89.11,54,97,5.66,overcast clouds
287,Sao Filipe,CV,14.8961,-24.4956,77.41,77,87,7.92,overcast clouds
288,Yabrud,SY,33.9674,36.6574,71.6,26,0,1.57,clear sky
289,Chepareria,KE,1.3077,35.2039,60.69,84,94,2.42,overcast clouds
290,Leningradskiy,RU,69.3833,178.4167,46.09,73,100,5.84,overcast clouds
291,Camacha,PT,33.0833,-16.3333,69.22,83,40,13.8,scattered clouds
292,Magaria,NE,12.9983,8.9099,83.59,52,26,6.04,scattered clouds
293,Tocopilla,CL,-22.092,-70.1979,59.99,74,40,3.62,scattered clouds
294,Flin Flon,CA,54.7682,-101.865,69.57,80,70,9.64,broken clouds
295,Kieta,PG,-6.2167,155.6333,83.75,67,95,2.24,overcast clouds
296,Charters Towers,AU,-20.1,146.2667,64.98,58,0,13.85,clear sky
297,Tumaco,CO,1.7986,-78.8156,76.98,89,80,8.21,light rain
298,Lesnoy,RU,57.6198,63.0784,54.16,89,5,4.99,clear sky
299,Kysyl-Syr,RU,63.8986,122.7617,76.95,61,82,4.38,broken clouds
300,Taywarah,AF,33.35,64.4167,61.54,27,51,6.04,broken clouds
301,Saint-Francois,FR,46.4154,3.9054,62.04,77,0,3.44,clear sky
302,Natal,BR,-5.795,-35.2094,75.4,85,57,6.51,broken clouds
303,Yar-Sale,RU,66.8333,70.8333,63.57,86,59,15.46,broken clouds
304,Berberati,CF,4.2612,15.7922,67.01,94,93,2.42,overcast clouds
305,Teya,RU,60.3778,92.6267,63.79,96,100,2.8,overcast clouds
306,Mizan Teferi,ET,6.9833,35.5833,60.8,96,95,2.04,light rain
307,Bilma,NE,18.6853,12.9164,89.02,32,12,6.62,few clouds
308,Vila Velha,BR,-20.3297,-40.2925,76.95,76,40,21.99,scattered clouds
309,Luderitz,NA,-26.6481,15.1594,54.27,75,1,7.25,clear sky
310,Santa Fe,AR,-31.6333,-60.7,60.01,58,65,1.99,light rain
311,Necochea,AR,-38.5473,-58.7368,47.3,69,0,7.18,clear sky
312,Tuatapere,NZ,-46.1333,167.6833,38.93,94,94,3.69,overcast clouds
313,Antofagasta,CL,-23.65,-70.4,56.48,89,56,2.95,broken clouds
314,Warnes,BO,-17.5,-63.1667,66.69,39,75,4.61,broken clouds
315,Katherine,AU,-14.4667,132.2667,70.12,49,64,10.36,broken clouds
316,Nikolskoye,RU,59.7035,30.7861,60.8,85,96,8.25,overcast clouds
317,Sisimiut,GL,66.9395,-53.6735,46.04,89,100,3.4,light rain
318,Gorontalo,ID,0.5412,123.0595,79.07,90,100,4.09,overcast clouds
319,Cap Malheureux,MU,-19.9842,57.6142,68.47,75,66,7.0,broken clouds
320,Straumen,NO,63.8709,11.2999,53.6,79,98,0.89,overcast clouds
321,Sorland,NO,67.667,12.6934,53.46,83,20,10.78,few clouds
322,Balkanabat,TM,39.5108,54.3671,83.28,46,36,6.87,scattered clouds
323,Tsuruoka,JP,38.7217,139.8217,83.08,74,82,3.62,broken clouds
324,Ancud,CL,-41.8697,-73.8203,49.23,91,71,2.98,broken clouds
325,Bjerkvik,NO,68.5597,17.5189,55.99,76,67,3.38,broken clouds
326,Lorengau,PG,-2.0226,147.2712,84.7,66,85,11.32,overcast clouds
327,San Quintin,MX,30.4833,-115.95,70.77,73,89,10.74,overcast clouds
328,La Paz,BO,-16.5,-68.15,44.58,48,11,2.3,few clouds
329,Taunggyi,MM,20.7833,97.0333,65.01,91,91,1.59,overcast clouds
330,Liepaja,LV,56.5419,21.0367,44.58,93,0,2.3,clear sky
331,Neuquen,AR,-38.9516,-68.0591,46.29,61,0,0.0,clear sky
332,Pimentel,PE,-6.8367,-79.9342,62.71,85,46,13.8,scattered clouds
333,Nanortalik,GL,60.1432,-45.2371,45.64,87,91,10.78,overcast clouds
334,Hangu,CN,39.2489,117.7892,78.84,75,0,5.64,clear sky
335,Santa Cruz,BO,-17.8,-63.1667,65.66,39,75,4.61,broken clouds
336,Rossland,CA,49.0831,-117.8022,93.47,10,10,9.15,clear sky
337,College,US,64.8569,-147.8028,73.58,36,75,6.91,broken clouds
338,Trelew,AR,-43.249,-65.3051,48.83,59,80,7.29,broken clouds
339,Bima,ID,-8.4667,118.7167,76.35,77,66,4.38,broken clouds
340,Chipinge,ZW,-20.1883,32.6236,48.47,62,1,2.71,clear sky
341,Presidencia Roque Saenz Pena,AR,-26.7852,-60.4388,53.2,42,12,5.23,few clouds
342,Saint-Georges,GD,12.0564,-61.7485,79.43,79,6,11.03,clear sky
343,Mamallapuram,IN,12.6264,80.1722,84.25,76,83,8.79,broken clouds
344,Pundaguitan,PH,6.3711,126.1689,83.01,74,100,6.93,overcast clouds
345,San Clemente,US,33.427,-117.612,89.55,71,29,5.99,scattered clouds
346,Monte Patria,CL,-30.6919,-70.9467,60.44,61,99,1.01,overcast clouds
347,Elko,US,41.0002,-115.5012,92.23,18,58,18.25,broken clouds
348,Wangkui,CN,46.8333,126.5,71.47,90,100,7.83,light rain
349,Gigmoto,PH,13.7796,124.39,82.74,84,100,8.86,moderate rain
350,Rawson,AR,-43.3002,-65.1023,48.76,64,56,8.3,broken clouds
351,Esna,EG,25.2934,32.554,88.21,16,63,8.52,broken clouds
352,Aklavik,CA,68.2191,-135.0107,38.44,96,100,5.17,light rain
353,Hope,US,33.6671,-93.5916,77.07,97,93,7.2,overcast clouds
354,Lircay,PE,-12.9896,-74.7205,48.47,54,5,4.94,clear sky
355,Prince George,CA,53.9166,-122.753,91.26,29,0,3.0,clear sky
356,Dingle,PH,10.9995,122.6711,80.24,85,88,8.72,overcast clouds
357,Santa Catarina De Tepehuanes,MX,25.35,-105.7333,68.18,65,97,3.83,overcast clouds
358,Ferkessedougou,CI,9.6,-5.2,72.34,90,99,3.87,light rain
359,Hinton,CA,53.4001,-117.5857,80.87,44,73,9.93,broken clouds
360,Borzya,RU,50.3833,116.5167,68.04,79,26,8.75,scattered clouds
361,Nola,IT,40.922,14.5329,79.21,79,0,2.51,clear sky
362,Jilib,SO,0.4883,42.7854,69.26,93,45,4.72,scattered clouds
363,Hami,CN,42.8,93.45,84.52,21,81,16.69,broken clouds
364,Limbang,MY,4.75,115.0,78.91,91,100,1.77,overcast clouds
365,Freeport,US,40.6576,-73.5832,83.98,66,100,10.36,overcast clouds
366,Lerwick,GB,60.1545,-1.1494,57.2,89,47,25.95,scattered clouds
367,Coihaique,CL,-45.5752,-72.0662,41.61,75,40,0.0,scattered clouds
368,Ahipara,NZ,-35.1667,173.1667,60.66,66,15,11.36,few clouds
369,Montorio Al Vomano,IT,42.5831,13.6383,77.95,71,2,7.29,clear sky
370,Huarmey,PE,-10.0681,-78.1522,63.21,82,10,8.3,clear sky
371,Grindavik,IS,63.8424,-22.4338,46.87,76,75,16.11,broken clouds
372,Soderhamn,SE,61.3037,17.0592,54.95,67,78,2.48,broken clouds
373,Padang,ID,-0.9492,100.3543,73.45,94,100,3.06,overcast clouds
374,Mount Gambier,AU,-37.8333,140.7667,47.07,64,22,13.47,few clouds
375,Curvelo,BR,-18.7564,-44.4308,67.77,39,7,5.06,clear sky
376,Orotukan,RU,62.2667,151.7,59.41,41,2,2.08,clear sky
377,Mayor Pablo Lagerenza,PY,-19.9309,-60.7718,60.64,23,7,3.76,clear sky
378,Lagoa,PT,39.05,-27.9833,72.93,71,0,1.12,clear sky
379,Ternate,ID,0.8,127.4,81.19,74,96,2.26,overcast clouds
380,Coquimbo,CL,-29.9533,-71.3436,55.13,87,100,3.44,overcast clouds
381,Pandan,PH,14.0453,124.1694,83.21,82,100,6.24,overcast clouds
382,Ahome,MX,25.9167,-109.1833,85.95,55,51,8.37,broken clouds
383,Sao Raimundo Nonato,BR,-9.0153,-42.6994,79.61,39,92,5.23,overcast clouds
384,Zhigansk,RU,66.7697,123.3711,69.03,61,35,14.2,scattered clouds
385,Bathsheba,BB,13.2167,-59.5167,80.06,89,75,19.57,broken clouds
386,Seoul,KR,37.5683,126.9778,85.44,58,30,4.61,scattered clouds
387,Yumen,CN,40.2833,97.2,77.94,24,100,8.7,overcast clouds
388,Buchanan,LR,5.8808,-10.0467,74.41,76,100,5.61,overcast clouds
389,Alexandria,EG,31.2156,29.9553,78.87,67,0,7.02,clear sky
390,Nome,US,64.5011,-165.4064,62.67,43,0,10.36,clear sky
391,Nizhniy Odes,RU,63.6445,54.856,61.38,71,98,1.66,overcast clouds
392,Harer,ET,9.3094,42.1258,59.45,87,81,6.13,broken clouds
393,Markdale,CA,44.3168,-80.6497,68.31,62,40,9.95,scattered clouds
394,Pontianak,ID,-0.0333,109.3333,75.18,94,20,3.44,few clouds
395,Mandalgovi,MN,45.7625,106.2708,63.09,56,17,16.62,few clouds
396,Anadyr,RU,64.75,177.4833,51.49,76,8,9.19,clear sky
397,Inuvik,CA,68.3499,-133.7218,45.36,93,100,6.91,mist
398,Sumenep,ID,-7.0167,113.8667,79.74,77,87,11.12,overcast clouds
399,Itajuba,BR,-22.4256,-45.4528,65.59,54,99,1.77,overcast clouds
400,Margate,GB,51.3813,1.3862,64.9,87,15,3.0,few clouds
401,Takestan,IR,36.0696,49.6959,65.01,79,30,9.62,scattered clouds
402,Camana,PE,-16.6228,-72.7111,60.31,82,77,4.65,broken clouds
403,Bol,TD,13.4586,14.7147,74.53,91,100,13.38,moderate rain
404,Grand Gaube,MU,-20.0064,57.6608,68.38,75,65,7.0,broken clouds
405,Praia,CV,14.9215,-23.5087,78.35,78,100,7.47,overcast clouds
406,Edd,ER,13.9297,41.6925,92.14,55,100,3.56,overcast clouds
407,Kyshtovka,RU,56.555,76.6271,55.27,87,7,7.09,clear sky
408,Siedlce,PL,52.1677,22.2901,59.31,75,100,8.01,overcast clouds
409,Bhatkal,IN,13.9667,74.5667,79.79,93,97,7.14,overcast clouds
410,Taoudenni,ML,22.6783,-3.9836,101.52,18,42,9.19,scattered clouds
411,Arman,RU,59.7,150.1667,62.02,64,8,5.1,clear sky
412,Sibu,MY,2.3,111.8167,75.99,97,97,1.23,overcast clouds
413,Najran,SA,17.4924,44.1277,81.7,51,68,6.8,broken clouds
414,Alice Springs,AU,-23.7,133.8833,56.75,35,100,6.91,overcast clouds
415,Manthani,IN,18.65,79.6667,79.9,85,89,1.59,overcast clouds
416,Venice,US,27.0998,-82.4543,91.44,76,21,1.01,few clouds
417,Herveo,CO,5.0833,-75.1667,57.94,96,91,2.59,overcast clouds
418,Gemena,CD,3.25,19.7667,68.16,98,73,1.19,broken clouds
419,Mumford,GH,5.2618,-0.759,73.58,82,98,12.5,overcast clouds
420,Comodoro Rivadavia,AR,-45.8667,-67.5,49.86,53,0,17.27,clear sky
421,Beringovskiy,RU,63.05,179.3167,48.92,79,100,4.45,overcast clouds
422,Boysun,UZ,38.2061,67.1986,74.89,26,33,9.1,scattered clouds
423,Karratha,AU,-20.7377,116.8463,70.54,46,24,2.84,few clouds
424,Nhulunbuy,AU,-12.2333,136.7667,77.61,69,100,14.97,overcast clouds
425,Fomboni,KM,-12.28,43.7425,75.54,73,13,4.34,few clouds
426,Vilyuysk,RU,63.7553,121.6247,77.04,62,92,4.32,overcast clouds
427,Benito Juarez,MX,19.385,-99.165,64.94,79,75,8.05,broken clouds
428,Suntar,RU,62.1444,117.6319,69.35,80,20,5.5,few clouds
429,Nyurba,RU,63.2842,118.3319,71.8,67,70,5.59,broken clouds
430,Eyl,SO,7.9803,49.8164,75.79,82,57,22.57,broken clouds
431,Paracatu,BR,-17.2222,-46.8747,68.18,34,24,3.27,few clouds
432,Marsa Matruh,EG,31.3525,27.2453,76.39,76,0,4.83,clear sky
433,Kholodnyy,RU,62.7167,147.95,60.12,37,23,4.85,few clouds
434,Isangel,VU,-19.55,169.2667,78.46,67,100,6.62,light rain
435,Parit Buntar,MY,5.1267,100.4932,78.94,93,92,2.19,overcast clouds
436,Dukat,RU,62.55,155.55,54.63,42,50,3.71,scattered clouds
437,Elat,IL,29.5581,34.9482,83.66,48,6,8.23,clear sky
438,Cabedelo,BR,-6.9811,-34.8339,77.67,89,68,10.63,broken clouds
439,Faanui,PF,-16.4833,-151.75,78.93,71,13,23.87,few clouds
440,Ruteng,ID,-8.6136,120.4721,64.54,65,73,0.83,broken clouds
441,Gwanda,ZW,-20.9333,29.0,51.44,49,0,4.14,clear sky
442,Yerbogachen,RU,61.2767,108.0108,59.31,97,100,6.46,moderate rain
443,Cam Ranh,VN,11.9214,109.1591,80.56,83,40,1.14,scattered clouds
444,Plettenberg Bay,ZA,-34.0527,23.3716,54.1,81,100,8.66,light rain
445,Marrakesh,MA,31.6315,-8.0083,84.27,48,0,4.61,clear sky
446,Petropavlovsk-Kamchatskiy,RU,53.0452,158.6483,64.99,55,75,8.95,light rain
447,Yilan,TW,24.757,121.753,91.02,61,40,3.18,scattered clouds
448,Langenburg,DE,49.2544,9.8458,63.23,91,20,3.44,few clouds
449,Bafia,CM,4.75,11.2333,68.13,99,99,1.43,overcast clouds
450,Kontagora,NG,10.3999,5.4695,70.48,95,63,3.18,broken clouds
451,Barcelos,PT,41.5388,-8.6151,74.84,70,0,5.64,clear sky
452,Nagapattinam,IN,10.7667,79.8333,81.73,76,100,8.19,overcast clouds
453,Balagansk,RU,54.0103,103.0544,57.69,90,100,2.66,overcast clouds
454,Obo,CF,5.3998,26.4869,65.88,91,100,2.89,overcast clouds
455,Moba,CN,33.2288,105.0179,64.65,94,90,3.09,overcast clouds
456,Adrar,MR,20.5022,-10.0711,81.61,55,80,20.4,broken clouds
457,Payson,US,40.0444,-111.7321,87.28,29,0,13.8,clear sky
458,Tecoanapa,MX,16.5167,-98.75,83.07,77,49,6.53,scattered clouds
459,Khani,GE,41.9563,42.9566,62.17,92,62,3.22,broken clouds
460,Alta Floresta,BR,-9.8756,-56.0861,73.6,37,32,3.33,scattered clouds
461,Goderich,CA,43.7501,-81.7165,75.9,67,30,11.14,scattered clouds
462,Rafaela,AR,-31.2503,-61.4867,57.97,30,90,6.6,overcast clouds
463,Amapa,BR,1.0,-52.0,72.52,96,100,4.74,overcast clouds
464,Dourbali,TD,11.8091,15.8632,72.34,83,100,5.86,overcast clouds
465,Ballina,AU,-28.8667,153.5667,59.02,69,43,12.03,scattered clouds
466,Ixtapa,MX,20.7,-105.2,87.03,66,75,8.05,thunderstorm
467,Cherskiy,RU,68.75,161.3,62.29,42,13,16.26,few clouds
468,Nelson,NZ,-41.2833,173.2833,47.28,96,100,4.61,light rain
469,Alenquer,BR,-1.9417,-54.7383,79.39,65,18,2.08,few clouds
470,Sulangan,PH,11.1373,123.7228,83.95,73,100,9.08,light rain
471,Ransang,PH,8.9603,117.5828,82.11,82,98,6.6,overcast clouds
472,Poyarkovo,RU,49.6,128.6833,75.34,78,38,6.31,scattered clouds
473,Pallasovka,RU,50.05,46.8833,71.62,66,8,5.01,clear sky
474,Thanh Hoa,VN,19.8,105.7667,81.25,83,100,1.74,overcast clouds
475,Russell,US,32.3502,-85.1999,89.2,79,0,3.44,clear sky
476,Hulan Ergi,CN,47.2042,123.6333,74.1,82,52,7.54,broken clouds
477,Sarahan,IN,31.5167,77.8,63.23,93,96,0.29,overcast clouds
478,Sivaki,RU,52.6333,126.75,77.43,63,36,2.82,scattered clouds
479,Funehiki,JP,37.4333,140.5833,80.74,73,83,2.66,broken clouds
480,Muzaffarabad,PK,34.37,73.4711,75.56,90,70,2.37,broken clouds
481,Laguna,US,38.421,-121.4238,101.32,37,0,11.5,clear sky
482,Iwanai,JP,42.9744,140.5089,79.9,64,82,3.78,broken clouds
483,Vesoul,FR,47.5833,5.8333,58.01,60,29,2.15,scattered clouds
484,Vresina,CZ,49.8242,18.1257,64.35,99,20,4.61,few clouds
485,Zhatay,RU,62.1594,129.8294,75.06,78,100,7.0,smoke
486,Lata,PT,40.1629,-8.3327,62.2,94,3,2.01,clear sky
487,Myra,IT,45.4358,12.1348,71.69,88,40,1.14,moderate rain
488,Neyshabur,IR,36.2133,58.7958,77.05,35,60,1.14,broken clouds
489,Yicheng,CN,31.3705,119.8703,84.42,78,5,4.76,clear sky
490,Chino Valley,US,34.7575,-112.4538,81.61,73,40,5.75,scattered clouds
491,Meulaboh,ID,4.1363,96.1285,75.88,84,100,2.68,overcast clouds
492,Narsaq,GL,60.9167,-46.05,55.62,80,83,3.22,broken clouds
493,Uarini,BR,-2.99,-65.1083,77.79,76,85,2.86,overcast clouds
494,Beinamar,TD,8.6698,15.3813,69.57,96,100,3.87,overcast clouds
495,Salta,AR,-24.7859,-65.4117,55.58,69,17,1.99,few clouds
496,Itaituba,BR,-4.2761,-55.9836,83.1,57,82,1.86,broken clouds
497,Shenjiamen,CN,29.9576,122.298,82.29,84,88,6.67,overcast clouds
498,Sangmelima,CM,2.9333,11.9833,66.76,99,78,3.38,light rain
499,Shenzhen,CN,22.5455,114.0683,89.15,78,66,1.86,broken clouds
500,Manado,ID,1.487,124.8455,81.37,83,20,3.44,few clouds
501,Rio Gallegos,AR,-51.6226,-69.2181,39.25,60,0,20.71,clear sky
502,Orbetello,IT,42.4408,11.2196,75.96,79,5,4.65,clear sky
503,Envira,BR,-7.3,-70.2167,76.86,74,88,1.77,overcast clouds
504,Carndonagh,IE,55.25,-7.2667,61.41,98,100,7.92,moderate rain
505,Kalino,RU,58.2504,57.6085,53.78,92,18,2.68,few clouds
506,Nara,JP,34.6851,135.8049,87.49,48,92,4.03,overcast clouds
507,Marystown,CA,47.1666,-55.1483,59.86,100,100,1.01,overcast clouds
508,Omboue,GA,-1.5746,9.2618,70.43,91,20,2.46,few clouds
509,Tecpan,GT,14.7623,-90.9947,63.9,89,69,3.8,broken clouds
510,Fenoarivo,MG,-18.933,47.4354,55.47,94,75,5.75,broken clouds
511,Sobolevo,RU,54.4299,31.8996,51.31,89,54,4.43,broken clouds
512,Cacador,BR,-26.7753,-51.015,41.81,98,9,3.47,clear sky
513,Urengoy,RU,65.9667,78.3667,62.76,71,3,6.58,clear sky
514,Juba,SS,4.8517,31.5825,68.18,96,82,3.06,broken clouds
515,Virginia Beach,US,36.8529,-75.978,81.01,88,100,3.44,heavy intensity rain
516,Jumla,NP,29.2747,82.1838,60.39,94,94,0.78,overcast clouds
517,Mutoko,ZW,-17.397,32.2268,46.89,52,0,2.19,clear sky
518,Ribas Do Rio Pardo,BR,-20.4431,-53.7592,67.33,52,41,10.4,scattered clouds
519,Kaupanger,NO,61.1845,7.2404,57.09,87,74,3.27,broken clouds
520,Little Current,CA,45.9793,-81.9248,67.41,76,34,13.13,scattered clouds
521,Hassleholm,SE,56.1591,13.7664,55.76,96,76,4.34,broken clouds
522,Namatanai,PG,-3.6667,152.4333,84.07,59,22,7.07,few clouds
523,Sangar,RU,63.9242,127.4739,74.3,59,63,4.29,broken clouds
524,Swan Hill,AU,-35.3378,143.5544,48.69,57,5,11.74,clear sky
525,Novoanninskiy,RU,50.5287,42.6747,65.55,91,29,8.03,scattered clouds
526,Svetlogorsk,BY,52.6333,29.7333,55.22,89,52,4.68,broken clouds
527,Nikolayevsk-Na-Amure,RU,53.1406,140.73,64.54,99,100,4.12,moderate rain
528,Madras,IN,13.0878,80.2785,84.18,88,20,4.61,mist
529,Blois,FR,47.5833,1.3333,68.38,51,35,2.98,scattered clouds
530,Asfi,MA,32.2994,-9.2372,70.32,88,0,13.76,clear sky
531,Iacu,BR,-12.7672,-40.2117,69.57,82,6,4.16,clear sky
532,Mayo,US,38.8876,-76.5119,80.19,87,75,8.05,broken clouds
533,Ambilobe,MG,-13.2,49.05,65.07,85,5,4.18,clear sky
534,Waingapu,ID,-9.6567,120.2641,77.49,71,96,10.45,overcast clouds
535,El Torno,BO,-17.9919,-63.3824,64.49,34,100,1.45,overcast clouds
536,Mnogovershinnyy,RU,53.9353,139.9242,60.55,99,100,5.86,moderate rain
537,Mingyue,CN,43.1069,128.9217,74.3,89,91,2.1,light rain
538,Komsomolskiy,UZ,40.4272,71.7189,81.32,26,8,9.22,clear sky
539,Ajdabiya,LY,30.7554,20.2263,79.34,65,0,8.7,clear sky
540,Kirn,DE,49.7833,7.45,63.41,82,21,3.71,few clouds
541,Mayumba,GA,-3.432,10.6554,70.36,93,53,1.34,broken clouds
542,Sawtell,AU,-30.3833,153.1,59.18,51,30,13.8,scattered clouds
543,Okha,RU,53.5739,142.9478,62.65,97,100,3.42,light rain
544,Yuanli,TW,24.4397,120.6535,86.22,74,75,9.22,broken clouds
545,Rocha,UY,-34.4833,-54.3333,41.99,86,0,4.61,clear sky
546,Pilar,BR,-9.5972,-35.9567,69.87,95,70,2.19,broken clouds
547,Itarema,BR,-2.9248,-39.9167,78.98,84,33,13.91,scattered clouds
548,Ornskoldsvik,SE,63.2909,18.7153,52.75,100,75,3.44,broken clouds
549,Kangasala,FI,61.4638,24.076,54.99,96,23,7.76,few clouds
550,Kamaishi,JP,39.2667,141.8833,79.83,79,86,6.46,overcast clouds
551,Kultuk,RU,51.7208,103.6956,60.06,82,45,2.35,scattered clouds
552,Egvekinot,RU,66.3167,-179.1667,50.65,53,10,5.99,clear sky
553,Tete,MZ,-16.1564,33.5867,60.58,67,0,1.57,clear sky
554,Panzhihua,CN,26.5851,101.7128,71.98,89,72,1.32,broken clouds
555,Milos,GR,36.75,24.4333,76.75,71,0,18.21,clear sky
556,Guaraniacu,BR,-25.1008,-52.8781,43.12,81,0,3.76,clear sky
557,Port Keats,AU,-14.25,129.55,75.54,35,34,9.1,scattered clouds
558,Mana,GF,5.6592,-53.7767,76.19,86,47,9.71,scattered clouds
559,Atasu,KZ,48.6814,71.6433,62.64,71,12,4.56,few clouds
560,Roald,NO,62.5833,6.1333,58.91,93,100,3.44,overcast clouds
561,Varhaug,NO,58.6147,5.6457,52.9,80,87,7.29,overcast clouds
562,San Jose,US,37.3394,-121.895,84.69,59,20,13.8,few clouds
563,Beba,CU,22.4437,-79.7253,77.27,79,49,14.09,scattered clouds
564,Hervey Bay,AU,-25.2986,152.8535,64.42,66,85,20.47,overcast clouds
565,Samandag,TR,36.0842,35.9771,79.32,67,0,4.59,clear sky
566,Sabinas Hidalgo,MX,26.5,-100.1667,99.75,23,52,22.1,broken clouds
567,Iqaluit,CA,63.7506,-68.5145,47.7,76,100,4.0,overcast clouds
568,Ploemeur,FR,47.7333,-3.4333,66.81,69,0,6.91,clear sky
569,Bhachau,IN,23.2833,70.35,79.66,78,21,12.46,few clouds
570,Mahina,PF,-17.5065,-149.489,82.17,57,40,6.91,scattered clouds
571,Zabol,AF,32.25,67.25,73.51,70,13,17.49,few clouds
572,Cockburn Town,TC,21.4612,-71.1419,81.75,77,99,20.11,overcast clouds
573,Saint-Augustin,CA,51.226,-58.6502,59.18,95,100,9.6,overcast clouds
574,Lazaro Cardenas,MX,17.9583,-102.2,84.31,70,35,6.93,scattered clouds
575,Nouadhibou,MR,20.931,-17.0347,71.38,85,42,10.98,scattered clouds
576,Hai Duong,VN,20.9333,106.3167,84.2,74,98,3.89,overcast clouds
577,Saint-Louis,SN,16.3333,-15.0,82.94,64,88,16.37,overcast clouds
578,Moose Factory,CA,51.2585,-80.6094,63.1,82,89,2.95,overcast clouds
579,Thalgau,AT,47.8333,13.25,63.32,97,75,3.44,light rain
580,Vuktyl,RU,63.8567,57.3094,61.29,68,87,1.9,overcast clouds
581,Tura,IN,25.5198,90.2201,74.01,97,70,4.32,broken clouds
582,Road Town,VG,18.4167,-64.6167,82.49,76,0,20.89,clear sky
583,Zyryanka,RU,65.75,150.85,67.41,33,70,17.18,broken clouds
584,Soyo,AO,-6.1349,12.3689,69.98,90,3,7.16,clear sky
585,Chapais,CA,49.7834,-74.8492,55.06,96,100,6.24,overcast clouds
586,Slave Lake,CA,55.2834,-114.769,78.98,49,52,6.69,broken clouds
587,Kenai,US,60.5544,-151.2583,75.02,38,0,9.22,clear sky
588,La Mira,MX,18.035,-102.3266,84.02,70,38,6.53,scattered clouds
589,Yulara,AU,-25.2406,130.9889,58.24,23,94,6.33,overcast clouds
590,Havelock,US,34.8791,-76.9013,84.97,89,94,8.99,overcast clouds
591,Havre,FR,49.5833,0.3333,63.19,63,0,0.0,clear sky
592,Saurimo,AO,-9.6608,20.3916,58.53,32,18,4.88,few clouds
593,Mazatlan,MX,23.2167,-106.4167,87.76,74,40,11.5,scattered clouds
594,Kousseri,CM,12.0769,15.0306,71.87,86,100,10.65,light rain
595,Leverkusen,DE,51.0333,7.0,66.94,81,39,1.9,scattered clouds
596,Kuching,MY,1.55,110.3333,77.22,94,40,2.3,scattered clouds
597,Piacabucu,BR,-10.4056,-36.4344,73.02,90,16,6.29,few clouds
598,Lagos,NG,6.5833,3.75,74.97,82,87,5.44,overcast clouds
599,Ulaanbaatar,MN,47.9077,106.8832,59.56,75,56,1.28,broken clouds
600,Soc Trang,VN,9.6033,105.98,80.42,86,79,5.21,broken clouds
601,Galeana,MX,24.8333,-100.0667,72.21,49,96,8.21,overcast clouds
602,Alugan,PH,12.2188,125.4808,80.53,84,100,6.06,light rain
603,Constitucion,CL,-35.3333,-72.4167,50.85,77,37,5.75,scattered clouds
604,Oia,PT,40.5426,-8.5386,63.37,85,4,4.27,clear sky
605,Chastyye,RU,57.2888,54.9728,59.61,74,43,3.36,scattered clouds
606,Srednekolymsk,RU,67.45,153.6833,68.05,31,87,10.07,overcast clouds
607,Taybad,IR,34.74,60.7756,81.32,33,98,22.79,overcast clouds
608,Izhma,RU,65.0083,53.9113,63.57,74,71,2.66,broken clouds
609,Uray,RU,60.1247,64.7758,60.69,67,38,5.7,scattered clouds
610,Bocaiuva,BR,-17.1078,-43.815,66.29,40,63,3.11,broken clouds
611,Kununurra,AU,-15.7667,128.7333,67.98,45,12,1.14,few clouds
612,San Carlos,VE,9.6612,-68.5827,74.26,94,64,2.13,broken clouds
613,Champerico,GT,14.3,-91.9167,84.74,79,45,5.88,scattered clouds
614,Thoen,TH,17.6129,99.2161,77.83,89,93,1.25,overcast clouds
615,Sharan,RU,54.8167,54.0,57.29,85,35,3.44,scattered clouds
616,Twin Falls,US,42.3505,-114.6445,95.34,15,0,9.22,clear sky
617,Ladario,BR,-19.0047,-57.6017,61.52,72,29,3.62,scattered clouds
618,Klaksvik,FO,62.2266,-6.589,54.52,98,100,31.32,moderate rain
619,Antsohihy,MG,-14.8796,47.9875,69.03,65,52,4.9,broken clouds
620,Codajas,BR,-3.8367,-62.0569,82.63,49,56,1.99,broken clouds
621,Bonthe,SL,7.5264,-12.505,75.2,72,99,6.82,overcast clouds
622,Mogoytuy,RU,51.2833,114.9167,64.63,85,61,4.79,broken clouds
623,Cortez,US,37.3489,-108.5859,71.94,77,100,6.91,overcast clouds
624,Shimoda,JP,34.6667,138.95,90.1,73,5,7.0,clear sky
625,Petapa,GT,14.5028,-90.5517,76.35,60,40,9.22,scattered clouds
626,Carnot,CF,4.9409,15.8665,67.73,97,97,1.74,light rain
627,Buraydah,SA,26.326,43.975,92.95,17,100,4.43,overcast clouds
628,Mehamn,NO,71.0357,27.8492,49.95,87,9,9.22,clear sky
629,Worland,US,44.0169,-107.9554,92.88,26,0,6.91,clear sky
630,Ciudad Ojeda,VE,10.1964,-71.3082,82.58,69,47,9.22,scattered clouds
631,Aquin,HT,18.2833,-73.4,81.23,74,15,4.59,few clouds
632,North Myrtle Beach,US,33.816,-78.68,89.71,88,0,18.41,clear sky
633,La Peca,PE,-5.6111,-78.435,70.2,78,34,3.71,scattered clouds
634,Ouesso,CG,1.6136,16.0517,70.36,88,85,2.06,overcast clouds
635,Barra Do Garcas,BR,-15.89,-52.2567,72.59,27,62,4.05,broken clouds
636,Hauterive,FR,46.0901,3.4459,63.36,60,65,1.79,broken clouds
637,Hostivice,CZ,50.0816,14.2586,65.26,91,20,11.5,shower rain
638,Port Moresby,PG,-9.4431,147.1797,81.7,70,46,5.95,scattered clouds
639,Zhuhai,CN,22.2769,113.5678,87.85,84,20,4.61,few clouds
640,Cayenne,GF,4.9333,-52.3333,79.09,1,0,1.14,clear sky
641,Sandnessjoen,NO,66.0217,12.6316,57.69,72,46,10.04,scattered clouds
642,Voh,NC,-20.9667,164.7,71.92,80,100,5.82,overcast clouds
643,Killybegs,IE,54.6333,-8.45,61.47,96,100,14.52,overcast clouds
644,Muros,ES,42.7762,-9.0603,69.1,68,1,13.18,clear sky
645,Porto Novo,BJ,6.4965,2.6036,74.68,77,84,7.94,broken clouds
646,Orlik,RU,52.5178,99.825,56.17,62,96,3.06,overcast clouds
647,Bud,US,39.447,-86.1758,78.78,56,66,4.29,broken clouds
648,Roma,US,43.2128,-75.4557,74.52,65,0,6.91,clear sky
649,Zakamensk,RU,50.3741,103.2863,55.9,79,50,2.21,scattered clouds
650,Alekseyevsk,RU,57.8406,108.3492,59.47,86,100,3.24,overcast clouds
651,Havre-Saint-Pierre,CA,50.2334,-63.5986,61.16,94,100,2.3,mist
652,Lamar,US,33.6668,-95.5836,84.63,74,0,12.66,clear sky
653,Salekhard,RU,66.53,66.6019,62.53,91,71,12.57,broken clouds
654,Bakchar,RU,57.0186,82.0711,57.85,88,52,3.13,broken clouds
655,Tartagal,AR,-22.5164,-63.8013,57.13,47,44,3.4,scattered clouds
656,Trinidad,BO,-14.8333,-64.9,74.5,42,9,7.54,clear sky
657,Xingyi,CN,24.1877,102.817,63.39,89,8,0.49,clear sky
658,Hanting,CN,36.7708,119.2108,80.38,82,95,7.54,overcast clouds
659,Broken Hill,AU,-31.95,141.4333,50.95,55,82,14.67,broken clouds
660,Lewiston,US,44.1003,-70.2148,75.85,76,16,3.22,few clouds
661,Taltal,CL,-25.4,-70.4833,60.01,77,40,5.21,scattered clouds
662,Ilo,PE,-17.6394,-71.3375,58.73,81,50,2.37,scattered clouds
663,Hokitika,NZ,-42.7167,170.9667,49.26,68,100,3.22,light rain
664,Mayya,RU,61.7333,130.2811,74.32,59,100,3.94,overcast clouds
665,Bossangoa,CF,6.4926,17.4552,67.73,98,100,1.57,light rain
666,Hirara,JP,24.8,125.2833,84.76,73,79,4.56,broken clouds
667,Kingisepp,RU,59.3733,28.6134,51.62,90,58,5.68,broken clouds
668,Palmer,US,42.1584,-72.3287,82.0,60,75,10.36,broken clouds
669,Amahai,ID,-3.3333,128.9167,78.15,87,93,0.98,overcast clouds
670,Harper,LR,4.375,-7.7169,74.46,72,42,6.6,scattered clouds
671,Beira,MZ,-19.8436,34.8389,63.73,85,0,2.42,clear sky
